courseId,avg_total_score
1,91.5
3,77.0
5,47.0
7,51.0
8,0.0
9,101.5
10,0.0
12,83.0
13,104.0
14,32.5
15,92.33333333333333
16,0.0
17,173.0
18,0.0
19,0.0
24,160.0
25,49.75
26,0.0
27,0.0
28,103.0
29,0.0
30,45.333333333333336
32,44.0
33,155.5
36,68.0
37,0.0
38,56.333333333333336
39,0.0
40,0.0
41,146.0
44,0.0
45,71.0
46,154.0
47,76.33333333333333
48,0.0
49,156.0
50,79.0
53,24.0
55,0.0
57,115.0
58,93.0
59,59.0
60,105.0
61,47.0
63,119.0
67,0.0
69,0.0
70,32.0
73,107.0
74,64.5
75,66.5
77,0.0
78,0.0
80,147.5
83,36.0
86,99.66666666666667
87,88.0
88,0.0
89,0.0
90,67.5
92,82.0
93,74.0
94,117.0
96,77.5
98,99.0
100,39.0
101,89.0
104,122.0
106,118.0
107,0.0
108,128.5
111,144.5
113,86.0
114,0.0
116,0.0
117,56.666666666666664
118,78.5
119,102.33333333333333
120,71.33333333333333
121,94.5
122,0.0
123,93.0
126,136.0
127,134.0
129,95.0
131,116.0
132,112.0
133,0.0
134,18.5
135,65.0
136,68.0
137,108.5
138,0.0
139,92.8
140,0.0
141,170.0
143,0.0
145,67.0
147,61.666666666666664
148,0.0
149,0.0
152,101.0
154,55.0
157,103.5
158,48.0
160,24.333333333333332
162,56.25
164,0.0
165,99.0
167,49.5
169,49.0
171,152.0
173,47.0
175,44.0
176,0.0
178,98.0
179,0.0
180,0.0
182,144.5
183,0.0
184,0.0
187,116.0
188,104.0
189,82.25
190,23.0
191,0.0
192,73.25
193,57.333333333333336
194,54.0
196,84.0
198,117.5
201,110.0
202,144.0
203,46.0
204,71.0
205,62.666666666666664
208,55.0
209,143.0
210,63.5
212,43.0
213,93.5
214,0.0
215,0.0
216,45.0
217,67.0
218,71.0
220,0.0
221,137.0
222,0.0
224,0.0
226,0.0
228,143.5
229,98.0
230,95.0
232,165.0
233,0.0
234,57.0
235,37.5
236,149.0
237,0.0
241,57.5
242,77.0
243,133.0
244,133.0
246,60.5
247,45.5
248,57.5
251,113.33333333333333
253,0.0
254,84.33333333333333
256,78.4
258,54.0
259,146.0
260,83.66666666666667
263,98.0
264,83.5
265,101.0
266,54.666666666666664
267,0.0
268,135.0
269,134.0
273,121.0
277,178.0
278,0.0
279,112.0
281,148.0
282,99.0
284,106.5
285,80.0
286,64.0
289,137.5
290,121.5
291,86.0
292,0.0
293,123.0
294,0.0
295,138.0
296,59.5
297,0.0
298,68.5
299,79.0
300,0.0
301,84.0
302,101.0
305,106.0
306,155.5
307,57.5
308,0.0
309,46.0
310,0.0
311,115.5
313,113.0
316,44.5
317,47.25
319,71.66666666666667
320,93.0
321,133.5
322,69.5
323,103.0
324,170.75
325,46.5
326,0.0
327,27.5
328,68.5
330,128.0
331,0.0
332,143.0
333,43.0
334,0.0
335,58.0
336,41.0
340,135.66666666666666
342,69.0
343,77.0
344,107.0
346,78.0
347,58.0
348,55.0
349,0.0
351,122.66666666666667
352,138.0
353,145.66666666666666
355,81.0
356,53.0
357,65.5
360,104.0
361,125.33333333333333
363,160.0
364,0.0
365,93.75
366,0.0
368,167.0
369,36.0
370,54.0
371,106.0
373,95.0
374,79.0
375,86.0
376,16.5
377,72.0
378,157.0
380,69.0
384,79.0
386,0.0
388,135.0
389,0.0
391,0.0
392,96.0
393,71.2
394,60.0
395,113.0
397,84.0
399,0.0
400,21.0
403,72.0
406,113.0
407,78.0
408,53.5
410,59.0
411,122.0
412,94.0
414,0.0
415,0.0
416,76.5
418,123.0
419,19.0
421,0.0
422,0.0
424,188.0
425,33.5
426,8.5
427,147.0
429,47.0
431,102.0
432,155.0
433,112.0
434,72.5
435,145.0
436,95.5
438,0.0
440,0.0
441,0.0
442,48.0
443,71.0
444,190.0
445,0.0
446,52.5
448,78.8
449,92.5
451,88.0
452,67.0
454,0.0
455,90.0
457,92.0
458,0.0
459,72.0
460,24.0
462,107.0
464,67.0
465,52.5
467,97.0
470,181.0
471,67.0
472,73.0
473,153.0
474,100.5
475,95.5
476,121.0
479,111.25
481,104.0
482,0.0
483,106.5
484,65.0
486,45.5
487,164.0
493,74.0
494,138.0
495,84.0
496,49.5
497,89.0
498,77.5
499,136.0
500,152.0
501,50.5
504,34.0
505,118.0
506,0.0
507,121.0
509,106.33333333333333
510,107.0
511,0.0
512,115.0
513,98.0
514,136.33333333333334
515,90.0
516,182.0
518,41.0
519,0.0
520,0.0
521,171.0
522,130.66666666666666
523,60.0
524,24.0
525,0.0
526,55.0
529,103.0
530,56.5
531,0.0
532,0.0
534,52.0
536,130.0
537,133.0
539,140.0
540,103.5
541,93.0
542,32.5
543,51.0
544,0.0
549,0.0
550,0.0
551,0.0
553,0.0
554,105.33333333333333
559,98.0
560,102.0
561,0.0
562,0.0
563,0.0
564,0.0
565,110.0
566,142.0
567,118.0
568,120.0
570,104.0
571,27.5
572,141.5
574,82.0
576,112.0
579,53.0
580,0.0
582,132.0
583,80.5
584,0.0
587,70.0
588,111.5
591,134.33333333333334
592,148.0
593,0.0
595,71.5
596,180.0
597,72.5
598,48.0
599,59.0
601,58.0
602,32.5
604,90.25
605,120.0
606,61.333333333333336
607,57.5
608,79.0
610,44.5
611,55.0
613,44.0
614,113.0
615,107.0
616,159.0
618,10.0
619,0.0
620,169.0
622,0.0
624,106.5
625,85.5
626,96.0
628,54.0
630,56.5
631,84.0
632,0.0
633,31.333333333333332
634,69.0
635,0.0
636,103.0
637,42.333333333333336
638,73.5
639,0.0
640,58.0
641,119.0
643,0.0
644,87.0
645,49.5
651,71.0
653,52.5
654,54.5
655,94.0
656,133.0
659,0.0
661,142.0
662,69.5
663,97.5
665,0.0
666,128.5
667,136.5
668,163.0
671,136.0
672,89.0
673,127.0
674,0.0
675,110.0
676,125.0
678,96.0
679,129.0
682,100.0
685,0.0
688,115.5
689,20.333333333333332
690,62.25
691,187.0
692,0.0
693,111.0
694,0.0
695,69.0
696,129.0
697,107.0
698,0.0
699,0.0
700,0.0
701,0.0
702,102.0
703,0.0
704,56.5
706,76.0
707,60.0
708,126.0
709,60.0
710,96.5
712,87.0
716,170.0
717,117.0
718,0.0
719,93.66666666666667
720,92.0
721,83.0
722,19.333333333333332
723,71.0
724,68.0
725,118.5
728,170.0
729,106.0
731,82.0
732,0.0
733,68.0
734,119.5
736,121.0
737,73.5
738,62.75
739,114.0
740,0.0
741,131.0
742,0.0
743,68.0
744,107.0
745,115.0
746,138.0
747,74.66666666666667
748,104.0
750,102.0
751,0.0
752,102.5
755,92.0
756,101.0
757,168.0
758,67.5
759,43.0
760,46.5
762,32.5
763,156.0
764,43.0
765,0.0
766,0.0
767,85.33333333333333
768,145.0
769,0.0
770,46.5
771,58.0
772,130.0
773,42.5
775,126.0
777,0.0
778,0.0
780,141.0
781,117.0
782,164.0
784,0.0
786,172.0
788,72.0
789,83.33333333333333
791,129.0
792,132.0
796,4.5
797,133.0
799,0.0
801,58.0
802,143.0
803,99.0
804,64.0
805,123.0
807,0.0
808,85.5
810,0.0
811,101.0
813,94.66666666666667
814,0.0
815,88.0
816,71.0
817,70.2
818,84.0
819,99.0
821,123.0
822,102.5
823,41.5
824,0.0
825,168.0
827,71.0
828,109.0
831,135.0
832,156.0
833,68.0
835,96.0
836,82.0
837,147.0
839,0.0
840,36.666666666666664
843,44.333333333333336
844,143.0
845,0.0
846,57.5
847,0.0
848,0.0
849,58.75
850,111.0
852,0.0
853,87.66666666666667
854,116.66666666666667
855,117.0
856,149.5
857,125.0
858,75.33333333333333
861,92.0
862,68.0
863,0.0
864,47.666666666666664
865,116.0
866,20.166666666666668
867,81.0
868,77.0
870,102.5
871,137.5
873,0.0
876,0.0
879,45.0
880,0.0
882,123.0
883,75.0
884,122.0
885,45.5
886,110.0
887,47.0
889,117.0
891,74.0
894,0.0
896,0.0
897,67.5
898,83.5
899,87.0
900,57.666666666666664
902,0.0
906,55.0
908,144.0
909,53.333333333333336
910,0.0
911,27.5
912,135.66666666666666
913,71.0
914,0.0
915,0.0
918,26.0
919,131.0
922,110.0
923,0.0
925,56.0
927,72.0
929,101.0
930,67.0
933,118.0
934,53.0
935,23.0
936,0.0
937,70.33333333333333
938,0.0
939,0.0
941,151.0
942,88.0
943,90.0
944,68.66666666666667
945,149.5
946,145.0
948,0.0
951,181.0
953,147.0
954,134.0
955,0.0
956,133.5
957,0.0
960,142.0
961,92.66666666666667
965,95.0
967,34.5
968,94.0
969,112.0
971,108.0
973,56.0
974,23.0
975,124.0
977,41.5
978,130.0
985,122.0
987,0.0
988,116.0
989,0.0
990,113.0
991,69.0
992,80.33333333333333
993,139.0
994,68.0
995,36.0
996,88.0
998,56.5
999,38.0
1000,80.0
1001,104.0
1003,110.0
1006,72.0
1009,107.0
1010,152.5
1011,0.0
1012,0.0
1013,108.5
1014,182.0
1015,36.5
1016,0.0
1017,54.0
1018,18.5
1019,112.0
1020,7.0
1021,144.0
1022,155.0
1023,60.0
1024,0.0
1025,128.0
1027,63.666666666666664
1028,0.0
1029,96.0
1030,150.0
1033,85.0
1034,23.0
1036,106.0
1037,53.666666666666664
1038,61.0
1039,160.0
1040,118.0
1042,122.0
1043,68.0
1044,65.0
1046,112.5
1048,103.0
1049,158.5
1050,0.0
1051,24.0
1053,77.0
1054,0.0
1055,0.0
1056,37.0
1057,96.0
1058,115.0
1059,91.0
1060,134.0
1061,149.0
1063,100.0
1064,67.0
1065,90.0
1066,0.0
1067,168.0
1068,85.5
1069,98.25
1071,30.666666666666668
1072,0.0
1073,0.0
1074,85.0
1075,0.0
1076,54.333333333333336
1077,0.0
1078,138.0
1079,0.0
1080,76.0
1081,89.0
1083,0.0
1084,35.0
1086,153.0
1087,87.8
1089,79.66666666666667
1090,66.0
1091,116.0
1092,148.0
1093,115.0
1097,116.0
1098,121.0
1099,76.5
1104,0.0
1105,100.0
1108,0.0
1109,122.5
1110,96.0
1111,22.5
1112,0.0
1113,99.5
1114,73.33333333333333
1116,0.0
1119,84.66666666666667
1120,114.0
1123,89.28571428571429
1125,48.0
1126,52.0
1128,50.0
1129,65.0
1130,0.0
1131,31.0
1133,48.75
1134,159.0
1136,76.66666666666667
1138,72.0
1140,86.66666666666667
1141,165.0
1142,0.0
1143,92.0
1145,131.0
1146,111.66666666666667
1147,90.5
1148,40.0
1149,108.0
1150,32.333333333333336
1151,52.5
1155,90.5
1156,145.0
1157,64.0
1158,115.2
1159,86.0
1160,122.66666666666667
1163,115.0
1164,44.0
1165,59.0
1166,69.75
1167,0.0
1168,0.0
1169,108.0
1170,28.25
1171,46.5
1172,64.0
1173,85.0
1174,58.333333333333336
1175,0.0
1176,0.0
1178,90.0
1180,37.0
1181,45.5
1182,0.0
1183,116.5
1184,109.0
1186,40.0
1187,113.0
1188,48.0
1189,0.0
1190,126.5
1192,107.8
1193,143.0
1195,72.5
1196,98.5
1197,25.0
1198,0.0
1200,56.0
1201,0.0
1202,167.0
1206,79.25
1208,91.0
1209,194.0
1210,0.0
1212,47.333333333333336
1214,130.0
1215,0.0
1216,109.0
1218,174.0
1219,0.0
1220,31.666666666666668
1221,0.0
1222,135.5
1224,65.25
1225,128.33333333333334
1226,75.0
1228,90.0
1229,0.0
1231,68.0
1232,67.0
1233,0.0
1234,62.0
1235,80.0
1236,147.0
1237,76.5
1238,71.0
1241,67.0
1243,101.66666666666667
1245,0.0
1247,0.0
1250,142.66666666666666
1251,0.0
1252,36.5
1253,53.5
1254,68.5
1255,107.0
1256,119.0
1257,102.5
1258,87.0
1259,90.0
1260,0.0
1261,0.0
1262,98.0
1263,106.0
1264,157.5
1268,82.66666666666667
1269,122.0
1270,136.0
1271,115.0
1272,0.0
1274,101.0
1275,145.0
1277,132.0
1279,153.0
1280,54.0
1281,83.0
1282,37.0
1283,87.0
1284,135.0
1285,34.2
1286,137.0
1287,71.66666666666667
1288,185.0
1289,14.0
1291,83.0
1293,122.0
1294,142.0
1295,51.0
1296,170.0
1297,79.0
1299,165.0
1303,48.0
1304,83.0
1305,84.0
1306,63.75
1308,58.0
1309,163.0
1310,25.0
1311,111.0
1313,79.0
1314,119.33333333333333
1315,87.0
1316,24.5
1318,46.0
1319,96.66666666666667
1320,189.0
1321,0.0
1322,64.0
1325,69.0
1327,37.0
1328,0.0
1329,57.0
1330,132.5
1331,0.0
1332,73.0
1333,160.0
1336,55.666666666666664
1337,0.0
1338,0.0
1339,113.0
1342,0.0
1343,58.333333333333336
1344,0.0
1345,51.5
1347,66.0
1348,119.5
1350,87.33333333333333
1351,145.0
1352,87.0
1354,48.0
1355,52.0
1356,0.0
1357,94.5
1358,124.0
1359,62.0
1361,148.5
1362,0.0
1363,164.0
1364,72.25
1369,89.5
1370,59.0
1371,50.0
1372,0.0
1373,109.0
1374,32.0
1375,8.0
1376,125.0
1377,0.0
1378,41.0
1379,0.0
1380,0.0
1382,64.0
1384,86.5
1385,124.0
1386,56.333333333333336
1388,146.0
1389,140.0
1390,94.5
1391,134.0
1392,0.0
1394,59.333333333333336
1395,107.0
1396,156.0
1399,0.0
1401,56.0
1402,41.0
1403,0.0
1404,0.0
1408,64.66666666666667
1409,96.0
1410,89.0
1412,81.33333333333333
1413,117.5
1416,46.666666666666664
1418,135.0
1420,75.5
1424,55.0
1425,57.5
1426,58.5
1427,62.5
1429,66.5
1431,116.5
1432,52.0
1433,150.0
1435,56.5
1437,0.0
1438,131.5
1439,76.0
1440,0.0
1443,0.0
1444,95.5
1445,91.33333333333333
1446,101.0
1447,139.66666666666666
1449,134.0
1450,68.5
1452,58.0
1453,53.5
1455,106.0
1456,57.0
1457,67.0
1458,72.5
1459,83.5
1461,124.0
1465,0.0
1466,82.0
1468,177.0
1470,132.0
1471,104.0
1473,113.0
1475,0.0
1476,67.0
1477,66.33333333333333
1478,70.0
1482,83.5
1483,0.0
1484,168.0
1485,83.0
1486,53.5
1487,75.0
1490,108.33333333333333
1491,126.0
1492,96.0
1495,70.0
1497,59.5
1498,152.0
1499,82.0
1500,43.0
1501,106.0
1502,0.0
1503,98.66666666666667
1504,160.0
1505,4.0
1506,0.0
1507,69.0
1508,77.66666666666667
1509,0.0
1510,124.5
1511,63.333333333333336
1512,0.0
1514,84.0
1515,72.0
1516,117.0
1517,98.0
1518,0.0
1519,86.0
1520,56.0
1525,138.66666666666666
1526,49.5
1527,160.0
1529,66.0
1530,126.0
1531,74.0
1532,24.0
1533,95.5
1534,51.0
1535,54.5
1536,153.0
1537,150.0
1538,20.5
1539,64.0
1540,95.33333333333333
1541,85.5
1543,20.25
1544,87.0
1545,0.0
1546,90.33333333333333
1547,74.0
1550,113.5
1552,0.0
1553,0.0
1554,111.0
1555,127.0
1556,115.0
1557,115.0
1558,0.0
1559,0.0
1560,43.0
1562,30.5
1563,47.0
1565,0.0
1567,144.0
1570,124.5
1571,112.33333333333333
1572,65.0
1573,67.66666666666667
1574,0.0
1575,121.0
1577,73.0
1578,119.5
1579,96.0
1580,86.0
1581,120.0
1582,0.0
1583,103.0
1584,97.0
1585,0.0
1586,116.0
1587,86.33333333333333
1589,51.333333333333336
1590,65.0
1593,36.0
1595,0.0
1596,85.0
1597,85.66666666666667
1599,105.5
1602,0.0
1604,92.0
1605,0.0
1606,0.0
1608,0.0
1609,89.0
1610,123.0
1611,63.666666666666664
1612,0.0
1614,0.0
1616,135.5
1617,106.5
1618,44.5
1619,137.0
1621,73.0
1622,40.0
1623,73.0
1624,142.5
1625,0.0
1629,84.5
1630,160.0
1631,66.0
1632,123.66666666666667
1633,47.5
1634,0.0
1638,126.0
1639,185.0
1640,43.75
1641,44.5
1642,133.0
1643,90.0
1644,69.0
1645,27.0
1646,63.0
1648,136.0
1650,0.0
1651,70.0
1652,113.0
1653,118.33333333333333
1655,121.0
1657,154.0
1658,63.0
1659,76.0
1661,0.0
1663,89.0
1664,77.0
1665,100.6
1668,65.33333333333333
1670,115.0
1671,0.0
1672,95.0
1673,102.0
1674,24.0
1675,82.0
1676,0.0
1678,78.0
1679,136.0
1680,28.5
1681,45.666666666666664
1682,0.0
1683,104.0
1684,115.0
1685,0.0
1686,0.0
1687,66.0
1689,68.0
1690,0.0
1693,45.75
1695,0.0
1696,44.0
1698,84.5
1699,95.0
1700,101.5
1701,49.0
1703,34.25
1706,105.33333333333333
1707,121.0
1708,113.0
1709,109.0
1711,35.0
1712,30.0
1713,0.0
1714,0.0
1715,146.0
1716,52.666666666666664
1717,95.0
1718,0.0
1720,83.0
1721,84.0
1722,0.0
1723,91.0
1725,41.0
1726,69.0
1727,108.0
1728,92.5
1729,0.0
1730,155.0
1731,121.0
1733,25.5
1735,0.0
1736,122.0
1738,0.0
1739,129.0
1740,71.0
1742,113.0
1743,98.5
1744,80.0
1745,61.0
1746,48.333333333333336
1747,126.66666666666667
1748,98.0
1749,0.0
1750,20.25
1751,111.0
1754,100.0
1756,115.0
1757,0.0
1758,81.0
1759,119.0
1760,122.0
1764,83.0
1765,62.0
1766,0.0
1767,138.5
1770,74.25
1772,0.0
1773,135.0
1774,53.5
1775,71.0
1778,108.5
1779,120.5
1780,0.0
1781,0.0
1782,84.0
1784,114.0
1785,144.0
1786,120.0
1787,35.666666666666664
1788,0.0
1789,106.5
1790,136.66666666666666
1792,74.33333333333333
1793,72.0
1794,109.0
1795,0.0
1796,133.0
1797,0.0
1799,144.0
1800,52.5
1801,43.666666666666664
1802,153.0
1803,96.5
1804,0.0
1805,64.0
1806,153.0
1807,95.2
1808,132.0
1809,60.5
1810,55.0
1811,0.0
1812,53.75
1813,63.0
1814,62.0
1816,101.5
1817,114.0
1818,108.0
1819,72.0
1821,68.5
1822,116.0
1823,82.25
1828,0.0
1831,78.0
1833,84.5
1835,127.0
1836,84.75
1838,122.0
1839,120.33333333333333
1841,0.0
1842,134.0
1844,101.5
1846,54.5
1848,122.0
1849,115.0
1850,43.5
1852,184.0
1854,130.0
1857,0.0
1858,127.0
1860,61.0
1861,0.0
1862,151.0
1863,27.0
1864,0.0
1865,160.0
1866,64.0
1867,117.0
1871,0.0
1874,45.5
1876,157.0
1877,59.333333333333336
1880,129.0
1881,84.0
1883,0.0
1884,60.0
1885,14.5
1886,81.5
1887,0.0
1888,150.0
1890,136.0
1892,127.0
1894,122.0
1895,61.5
1896,58.333333333333336
1897,97.5
1898,0.0
1902,145.0
1904,110.0
1905,124.0
1906,118.0
1907,107.0
1908,87.5
1909,118.0
1910,27.0
1911,99.66666666666667
1912,107.0
1913,0.0
1914,67.5
1915,82.0
1916,96.33333333333333
1918,139.0
1919,60.0
1920,63.0
1921,118.0
1922,104.0
1924,85.0
1925,0.0
1926,49.5
1927,85.0
1928,39.333333333333336
1929,102.75
1931,90.0
1933,93.0
1935,49.5
1937,53.25
1938,38.0
1940,143.0
1941,102.0
1943,0.0
1944,34.0
1947,0.0
1951,98.0
1952,43.0
1954,70.5
1955,65.0
1956,0.0
1957,71.5
1958,119.0
1960,80.0
1961,61.25
1962,160.5
1963,94.0
1964,0.0
1965,140.0
1966,164.0
1967,72.33333333333333
1968,56.666666666666664
1969,97.0
1970,106.5
1971,134.5
1972,123.0
1973,93.0
1975,96.5
1976,0.0
1978,115.6
1979,19.0
1980,0.0
1981,0.0
1982,42.5
1983,0.0
1984,0.0
1985,0.0
1986,165.0
1987,0.0
1989,0.0
1992,0.0
1993,115.0
1994,104.0
1995,113.0
1996,98.5
1997,94.0
1998,71.0
2000,134.0
2001,27.5
2002,101.0
2005,127.0
2007,119.0
2008,136.5
2009,50.0
2010,38.0
2011,75.5
2012,11.666666666666666
2013,86.0
2015,71.0
2016,121.0
2019,0.0
2022,100.0
2024,38.5
2026,82.5
2029,141.5
2030,114.5
2031,55.25
2032,141.0
2036,62.0
2037,0.0
2038,45.5
2039,73.5
2040,47.75
2041,129.0
2042,0.0
2043,0.0
2044,32.333333333333336
2046,90.5
2047,115.66666666666667
2048,152.0
2049,114.0
2050,151.0
2051,88.0
2052,93.75
2054,66.0
2055,90.0
2057,65.33333333333333
2059,88.66666666666667
2060,133.0
2061,143.0
2066,34.0
2067,103.33333333333333
2068,107.0
2069,141.0
2070,83.0
2071,0.0
2075,84.0
2076,143.0
2078,128.0
2079,0.0
2080,167.0
2081,55.0
2082,186.0
2083,84.5
2085,60.5
2087,29.5
2090,162.0
2093,132.0
2094,61.0
2095,29.0
2100,0.0
2101,115.0
2102,108.0
2103,40.0
2105,0.0
2106,134.33333333333334
2108,77.25
2109,79.0
2112,43.0
2113,99.0
2114,0.0
2115,180.0
2116,59.333333333333336
2117,56.5
2120,144.0
2123,0.0
2124,121.0
2125,63.0
2126,47.0
2127,146.0
2128,78.0
2130,84.0
2131,111.0
2132,0.0
2133,0.0
2134,88.5
2135,14.25
2139,0.0
2141,96.0
2142,36.333333333333336
2143,0.0
2144,35.0
2145,0.0
2146,79.0
2147,122.0
2149,0.0
2151,57.5
2152,0.0
2153,164.0
2154,0.0
2155,84.0
2157,0.0
2162,0.0
2163,0.0
2164,38.0
2166,0.0
2167,74.0
2168,60.0
2169,59.0
2170,0.0
2171,101.0
2172,101.5
2173,40.0
2174,0.0
2175,13.5
2177,51.5
2178,0.0
2179,0.0
2180,0.0
2181,138.0
2182,93.66666666666667
2183,0.0
2184,23.0
2185,73.0
2187,84.0
2190,115.5
2191,116.0
2195,0.0
2196,0.0
2197,90.0
2198,120.0
2201,0.0
2202,124.0
2204,53.666666666666664
2205,66.0
2206,119.0
2207,93.0
2208,0.0
2209,67.75
2210,148.0
2211,63.0
2212,87.66666666666667
2214,178.0
2215,136.0
2216,77.0
2217,80.5
2218,152.0
2219,0.0
2221,50.0
2223,97.0
2224,0.0
2225,67.33333333333333
2226,49.0
2227,67.5
2228,91.0
2229,108.0
2231,54.0
2233,0.0
2234,187.0
2235,91.0
2236,0.0
2237,98.33333333333333
2238,64.5
2239,0.0
2241,126.66666666666667
2242,153.0
2243,0.0
2244,41.5
2245,0.0
2246,134.0
2247,117.33333333333333
2249,36.5
2250,105.0
2252,118.5
2253,160.0
2254,53.0
2255,83.5
2258,156.0
2259,81.66666666666667
2260,181.0
2261,123.75
2262,126.0
2263,145.0
2264,64.0
2265,0.0
2266,0.0
2267,53.0
2268,57.333333333333336
2269,120.33333333333333
2270,79.0
2271,117.0
2272,116.0
2273,0.0
2274,92.0
2276,32.0
2277,0.0
2278,0.0
2281,0.0
2285,87.0
2286,48.0
2289,60.0
2290,86.6
2291,151.0
2292,50.0
2293,0.0
2294,102.0
2295,0.0
2297,117.5
2298,74.66666666666667
2301,156.0
2302,74.0
2303,130.0
2304,91.5
2305,66.66666666666667
2306,72.0
2307,0.0
2308,52.0
2309,105.0
2312,68.5
2313,75.0
2315,63.0
2316,0.0
2317,51.5
2318,49.0
2319,64.0
2322,0.0
2323,0.0
2324,77.5
2326,0.0
2327,68.0
2330,0.0
2334,86.0
2335,0.0
2336,0.0
2337,33.5
2338,116.5
2340,114.0
2341,149.0
2342,0.0
2343,178.0
2344,0.0
2345,0.0
2346,95.0
2347,97.0
2348,0.0
2349,117.5
2352,0.0
2353,49.0
2354,0.0
2357,121.0
2360,43.0
2361,184.0
2362,49.0
2363,115.0
2364,33.0
2365,132.0
2366,36.0
2368,118.0
2369,65.0
2370,57.0
2371,111.0
2372,57.0
2374,80.0
2376,136.0
2377,0.0
2378,68.33333333333333
2379,124.66666666666667
2381,76.0
2382,141.0
2383,58.0
2384,130.5
2385,116.25
2386,81.0
2387,0.0
2388,83.0
2389,38.5
2390,121.0
2392,84.33333333333333
2393,124.5
2394,57.0
2395,65.0
2396,129.5
2399,105.33333333333333
2400,75.5
2402,0.0
2403,0.0
2404,30.0
2405,24.0
2406,91.0
2407,68.33333333333333
2408,114.0
2410,150.0
2411,116.0
2412,47.0
2413,60.5
2415,61.5
2416,0.0
2417,141.0
2419,68.0
2421,94.0
2422,0.0
2425,91.0
2426,0.0
2428,128.0
2429,110.0
2430,40.0
2431,116.0
2432,0.0
2435,56.5
2436,0.0
2437,66.6
2438,36.5
2439,0.0
2440,116.0
2443,0.0
2445,103.0
2446,0.0
2449,50.333333333333336
2451,103.0
2453,89.5
2454,39.0
2457,92.0
2459,0.0
2460,0.0
2461,60.0
2465,111.5
2466,73.0
2468,95.0
2470,132.66666666666666
2471,83.0
2472,54.0
2473,61.666666666666664
2475,0.0
2476,151.0
2477,82.0
2478,64.5
2480,134.5
2481,123.0
2483,64.0
2484,146.5
2485,43.0
2486,0.0
2489,0.0
2491,65.33333333333333
2492,93.66666666666667
2493,80.0
2494,0.0
2498,100.33333333333333
2501,59.0
2502,102.5
2503,99.33333333333333
2504,95.0
2505,129.0
2506,80.33333333333333
2507,35.0
2508,134.5
2509,153.0
2510,0.0
2512,22.0
2514,91.0
2516,0.0
2517,86.0
2519,66.33333333333333
2520,120.0
2521,59.0
2522,82.0
2523,114.5
2524,0.0
2525,116.0
2526,91.0
2531,0.0
2532,0.0
2533,125.0
2535,101.0
2536,95.0
2537,93.0
2538,81.0
2539,26.333333333333332
2540,0.0
2541,65.0
2544,166.0
2545,98.5
2547,23.0
2548,0.0
2549,144.0
2550,0.0
2551,0.0
2552,108.0
2553,64.0
2555,41.0
2557,0.0
2558,110.66666666666667
2559,0.0
2560,62.0
2561,60.0
2562,0.0
2563,76.25
2564,132.0
2565,123.5
2566,79.0
2569,172.0
2571,172.0
2573,130.0
2574,87.5
2576,103.0
2578,0.0
2579,0.0
2580,0.0
2581,0.0
2582,0.0
2583,104.5
2584,163.0
2585,72.0
2586,0.0
2587,115.0
2588,118.0
2589,70.5
2590,113.6
2592,142.0
2593,89.0
2594,160.0
2596,96.66666666666667
2597,68.33333333333333
2600,114.0
2602,39.0
2604,123.0
2607,65.0
2608,122.0
2609,0.0
2610,138.0
2611,74.0
2613,156.0
2615,124.0
2616,39.0
2617,38.0
2618,36.0
2620,120.0
2621,0.0
2622,87.0
2623,89.0
2624,100.0
2625,48.666666666666664
2626,112.0
2627,126.66666666666667
2628,0.0
2629,146.0
2630,0.0
2631,94.0
2633,127.0
2634,123.0
2635,83.0
2636,95.0
2637,74.0
2638,163.0
2639,181.0
2640,61.5
2641,78.0
2642,167.0
2644,0.0
2646,0.0
2647,64.0
2649,117.5
2650,186.0
2651,118.0
2652,32.5
2653,0.0
2654,147.0
2658,61.666666666666664
2659,130.0
2660,54.0
2661,114.0
2662,0.0
2663,137.66666666666666
2666,126.0
2668,51.0
2669,123.5
2671,87.8
2672,0.0
2673,0.0
2674,123.0
2675,65.0
2676,76.0
2680,145.0
2681,101.0
2682,140.0
2683,83.5
2684,117.0
2686,0.0
2687,157.0
2688,36.0
2690,45.5
2691,96.0
2692,105.0
2695,136.0
2696,104.0
2697,0.0
2699,63.0
2700,115.0
2703,45.333333333333336
2705,0.0
2706,17.0
2707,50.5
2709,138.0
2710,104.0
2711,76.66666666666667
2712,130.0
2713,49.5
2714,78.0
2715,43.666666666666664
2717,89.0
2718,68.0
2719,23.0
2720,95.66666666666667
2721,0.0
2722,0.0
2723,83.0
2724,94.0
2726,13.0
2727,155.0
2729,112.5
2730,74.5
2731,77.0
2732,0.0
2733,112.0
2734,0.0
2736,81.0
2737,103.0
2738,98.0
2739,99.75
2740,15.0
2741,123.0
2742,132.0
2743,53.25
2744,23.0
2745,91.33333333333333
2747,76.0
2748,164.33333333333334
2749,59.5
2751,41.0
2752,71.0
2754,147.0
2755,126.0
2756,8.5
2757,68.33333333333333
2758,0.0
2759,0.0
2760,147.0
2762,105.0
2764,96.33333333333333
2765,40.0
2767,65.0
2768,91.0
2769,92.0
2770,0.0
2771,0.0
2772,101.0
2773,58.0
2775,0.0
2776,84.8
2778,0.0
2780,141.0
2782,0.0
2783,0.0
2784,74.0
2785,129.0
2786,114.0
2787,144.0
2788,63.0
2789,95.25
2790,93.0
2791,41.0
2792,83.0
2793,111.0
2795,39.666666666666664
2796,117.0
2797,0.0
2798,32.0
2799,119.0
2801,91.0
2803,73.0
2805,41.0
2806,141.0
2807,160.0
2810,101.0
2811,75.0
2814,0.0
2815,72.0
2816,122.0
2822,172.0
2824,101.5
2826,49.5
2828,0.0
2829,0.0
2830,0.0
2831,0.0
2832,94.0
2834,0.0
2835,45.5
2836,55.5
2837,166.0
2840,157.0
2841,61.0
2842,98.0
2844,85.5
2845,38.0
2846,111.0
2847,72.0
2848,103.66666666666667
2849,76.0
2850,36.666666666666664
2852,0.0
2853,0.0
2854,102.0
2856,36.0
2857,57.0
2859,98.66666666666667
2860,108.0
2861,0.0
2862,49.5
2866,0.0
2868,0.0
2869,0.0
2871,64.5
2872,41.666666666666664
2873,0.0
2874,119.0
2875,29.0
2876,139.33333333333334
2879,101.5
2880,0.0
2881,31.5
2883,0.0
2887,0.0
2888,132.0
2890,118.0
2891,74.0
2892,70.0
2893,154.0
2894,0.0
2897,122.0
2899,114.0
2900,117.0
2901,0.0
2902,125.0
2903,0.0
2905,0.0
2906,113.0
2910,45.333333333333336
2913,0.0
2914,54.5
2915,0.0
2917,88.0
2919,84.0
2922,99.0
2923,148.0
2924,0.0
2927,178.0
2928,107.0
2930,93.33333333333333
2931,0.0
2932,109.0
2933,39.5
2934,146.5
2936,94.66666666666667
2937,185.0
2938,162.0
2939,20.333333333333332
2940,0.0
2942,0.0
2944,33.5
2945,111.66666666666667
2946,0.0
2948,84.33333333333333
2949,148.0
2950,0.0
2951,114.0
2952,0.0
2953,120.0
2955,116.0
2956,100.0
2957,49.666666666666664
2959,0.0
2960,107.0
2961,26.0
2962,187.0
2964,0.0
2965,95.5
2966,119.5
2969,53.5
2971,0.0
2972,114.0
2973,105.0
2974,79.5
2975,82.0
2976,111.5
2978,60.0
2979,80.0
2980,61.0
2981,0.0
2982,116.0
2984,0.0
2985,0.0
2986,58.5
2989,100.0
2991,73.0
2993,95.5
2994,46.333333333333336
2996,74.0
2997,138.0
2998,81.0
2999,95.0
3000,149.0
3001,74.0
3002,0.0
3004,0.0
3005,90.0
3006,120.0
3008,148.0
3010,72.0
3011,0.0
3013,122.0
3014,120.0
3015,0.0
3017,90.0
3018,99.66666666666667
3019,124.5
3022,0.0
3023,33.5
3025,106.0
3026,89.0
3027,92.0
3028,168.0
3029,0.0
3030,107.0
3031,79.0
3032,125.0
3033,0.0
3035,41.0
3037,70.0
3038,82.0
3039,119.0
3041,0.0
3042,0.0
3045,58.0
3046,73.5
3048,91.25
3049,0.0
3050,151.0
3051,94.0
3052,104.0
3054,186.0
3055,84.2
3057,106.5
3058,126.0
3060,95.66666666666667
3061,0.0
3063,104.0
3065,66.0
3066,91.0
3067,179.0
3068,138.0
3069,59.666666666666664
3070,0.0
3071,125.0
3074,47.0
3076,68.0
3077,79.2
3078,131.0
3079,43.5
3080,68.8
3081,133.0
3082,0.0
3085,140.0
3086,163.0
3087,32.666666666666664
3089,27.333333333333332
3091,0.0
3092,60.0
3093,134.0
3094,61.0
3095,161.5
3096,143.0
3097,0.0
3098,53.0
3099,0.0
3100,99.0
3101,96.0
3102,104.0
3103,111.0
3104,133.0
3105,80.0
3106,51.0
3107,145.0
3108,93.33333333333333
3109,52.5
3111,70.0
3112,0.0
3114,113.0
3116,138.0
3118,89.0
3120,31.0
3122,131.25
3124,98.0
3125,69.0
3127,0.0
3128,0.0
3129,0.0
3131,0.0
3132,77.5
3133,0.0
3135,0.0
3136,166.0
3137,10.0
3139,141.0
3140,35.0
3142,96.0
3143,119.0
3144,111.0
3145,97.25
3146,0.0
3147,57.5
3148,107.0
3150,64.0
3151,0.0
3152,45.0
3153,0.0
3154,105.0
3157,29.5
3158,82.0
3159,158.0
3160,0.0
3161,61.0
3162,120.0
3163,172.0
3164,80.0
3167,23.333333333333332
3169,0.0
3170,90.57142857142857
3171,136.0
3173,108.0
3174,0.0
3177,73.0
3179,0.0
3182,84.33333333333333
3183,60.8
3184,41.666666666666664
3185,0.0
3186,104.0
3187,47.0
3188,72.5
3191,61.0
3192,85.5
3193,20.0
3197,77.0
3198,101.5
3200,133.0
3201,91.0
3203,8.0
3205,140.0
3206,125.0
3207,117.0
3208,0.0
3209,78.0
3212,137.0
3213,106.33333333333333
3214,64.75
3215,126.0
3216,108.0
3217,163.0
3219,0.0
3220,35.0
3222,37.333333333333336
3223,0.0
3224,191.0
3228,97.0
3229,105.0
3231,63.0
3233,84.0
3234,32.0
3236,20.5
3237,98.25
3239,69.0
3241,0.0
3243,0.0
3245,129.0
3246,0.0
3247,0.0
3249,177.0
3250,0.0
3251,127.0
3252,50.0
3253,102.0
3254,106.0
3255,146.0
3256,188.0
3257,41.333333333333336
3258,149.0
3259,0.0
3260,0.0
3262,177.0
3263,103.5
3266,59.0
3267,121.5
3268,0.0
3270,0.0
3271,48.5
3273,42.5
3275,0.0
3276,15.0
3280,127.0
3282,172.0
3285,176.0
3287,43.0
3288,99.5
3290,125.5
3292,63.5
3293,41.0
3294,61.0
3295,0.0
3296,142.0
3297,99.0
3298,88.83333333333333
3299,108.5
3300,110.0
3301,142.0
3302,23.0
3303,104.0
3304,155.0
3305,156.0
3306,65.5
3308,0.0
3310,91.0
3311,93.5
3312,116.33333333333333
3313,0.0
3314,75.0
3315,83.0
3316,99.0
3317,0.0
3318,61.5
3319,88.0
3320,95.0
3321,137.0
3322,91.0
3324,0.0
3326,123.5
3327,93.0
3329,152.0
3330,129.5
3331,153.0
3332,0.0
3333,170.0
3334,112.0
3335,142.0
3336,128.5
3337,111.5
3338,105.33333333333333
3339,0.0
3340,0.0
3341,36.0
3342,109.0
3343,0.0
3345,59.0
3347,137.0
3348,182.0
3349,130.0
3350,66.0
3351,112.0
3352,92.66666666666667
3353,36.0
3354,86.0
3356,66.33333333333333
3357,144.0
3359,123.0
3360,0.0
3361,0.0
3362,0.0
3363,151.0
3364,118.0
3365,0.0
3369,137.0
3372,49.0
3373,0.0
3374,38.0
3376,0.0
3379,161.5
3380,86.5
3382,0.0
3383,0.0
3386,44.333333333333336
3387,107.0
3388,77.0
3392,0.0
3393,0.0
3394,127.0
3395,100.0
3398,124.0
3399,99.0
3400,78.5
3402,74.0
3403,0.0
3404,146.0
3405,70.75
3406,62.25
3407,152.5
3408,0.0
3409,131.0
3410,20.0
3411,159.0
3414,0.0
3415,80.0
3417,66.0
3418,0.0
3419,0.0
3420,83.0
3421,170.0
3422,0.0
3424,8.0
3425,0.0
3426,139.5
3427,143.0
3428,122.0
3429,0.0
3430,64.5
3433,87.5
3434,54.5
3435,93.0
3436,88.0
3438,0.0
3439,110.0
3440,53.0
3441,30.666666666666668
3442,58.0
3443,69.0
3444,92.0
3446,126.0
3447,93.5
3448,0.0
3449,0.0
3450,75.5
3451,55.0
3452,149.0
3453,128.5
3454,192.0
3456,135.0
3457,0.0
3459,135.0
3460,87.0
3464,35.333333333333336
3465,0.0
3466,90.5
3468,70.33333333333333
3469,112.33333333333333
3470,168.0
3471,0.0
3472,0.0
3473,97.0
3474,28.5
3475,93.5
3476,41.5
3477,130.5
3481,22.666666666666668
3482,82.0
3483,97.0
3484,66.8
3485,102.66666666666667
3486,48.0
3488,140.33333333333334
3489,118.0
3490,85.75
3491,89.5
3496,58.0
3497,77.5
3499,118.0
3500,0.0
3502,76.5
3503,81.0
3504,70.5
3506,0.0
3507,92.0
3508,0.0
3509,138.0
3510,138.25
3511,0.0
3512,49.0
3514,104.0
3515,137.0
3516,10.0
3517,0.0
3518,65.0
3519,90.0
3521,0.0
3523,71.0
3524,66.33333333333333
3526,107.0
3527,55.5
3528,9.5
3531,175.0
3533,66.0
3535,0.0
3536,0.0
3538,87.0
3539,0.0
3541,0.0
3542,31.0
3543,77.0
3544,78.0
3545,81.5
3546,0.0
3547,144.0
3549,141.0
3550,0.0
3551,71.5
3552,0.0
3556,21.0
3559,16.0
3561,48.0
3562,89.0
3563,0.0
3565,135.5
3566,76.0
3567,0.0
3568,124.0
3569,64.75
3570,99.0
3571,90.0
3572,57.5
3573,34.0
3574,74.5
3575,45.833333333333336
3576,86.75
3577,0.0
3579,99.66666666666667
3580,79.0
3584,0.0
3586,133.0
3587,143.0
3591,188.0
3593,49.0
3594,66.5
3595,140.0
3596,45.5
3597,0.0
3601,0.0
3602,0.0
3603,95.5
3604,92.5
3605,90.0
3606,57.666666666666664
3608,72.0
3609,118.66666666666667
3610,141.0
3611,61.5
3613,0.0
3614,65.0
3615,113.0
3617,89.0
3619,34.5
3620,72.5
3621,0.0
3622,76.0
3623,84.0
3624,139.0
3626,97.5
3627,116.0
3628,87.0
3629,123.0
3631,109.5
3632,69.5
3633,65.5
3634,82.33333333333333
3635,45.0
3638,0.0
3640,143.0
3641,151.0
3642,95.5
3644,72.0
3646,64.33333333333333
3647,27.5
3648,74.0
3649,137.0
3650,49.0
3651,0.0
3652,48.5
3654,69.5
3655,50.5
3658,86.0
3659,120.0
3660,0.0
3662,105.0
3663,169.0
3664,0.0
3665,83.5
3666,163.0
3668,104.0
3669,0.0
3670,90.0
3672,30.0
3673,118.0
3674,65.5
3677,0.0
3680,171.0
3681,50.0
3683,162.0
